NO,Trailers,title
1,https://www.youtube.com/watch?v=POBI7OhGB18,Fantatis 4
2,https://www.youtube.com/watch?v=pXwaKB7YOjw,Mission Impossible - Rouge Nation
3,https://www.youtube.com/watch?v=4cNmMLq9ZrQ,Vacation
4,https://www.youtube.com/watch?v=pWdKf3MneyI,Ant-Man
5,https://www.youtube.com/watch?v=SvKmSNxFHyQ,Minions
6,https://www.youtube.com/watch?v=XAHprLW48no,Pixels
7,https://www.youtube.com/watch?v=L-6G911eCvg,Jurassic World
8,https://www.youtube.com/watch?v=r5X-hFf6Bwo,The Lord of the Rings : Return of the Kings
9,https://www.youtube.com/watch?v=seMwpP0yeu4,Inside Out
10,https://www.youtube.com/watch?v=smcHKYUs4RE,Hotel Transylvania 2
11,https://www.youtube.com/watch?v=pbI980iUb78,Transformers: Age of Extinction
12,https://www.youtube.com/watch?v=8hYlB38asDY,Iron Man
13,https://www.youtube.com/watch?v=rARN6agiW7o,Great Gatsby
14,https://www.youtube.com/watch?v=y6U8o9Ed0VI,Sex and the City
15,https://www.youtube.com/watch?v=sUkZFetWYY0,Despicable Me
16,https://www.youtube.com/watch?v=TbQm5doF_Uc,Frozen
17,https://www.youtube.com/watch?v=iJS-wWqVAyk,Friends with Benefits
18,https://www.youtube.com/watch?v=4XD0Q8JW9qw,Black Mass ;)
19,https://www.youtube.com/watch?v=2sgpwTBnuLo,Dady's home
20,https://www.youtube.com/watch?v=aAmChN-wHv8,American Ultra
21,https://www.youtube.com/watch?v=lQqhfq87FgY,The martian
22,https://www.youtube.com/watch?v=DUF7x-L8gE4,Londan has fallen
23,https://www.youtube.com/watch?v=0WWzgGyAH6Y,Batman v Superman: Dawn of Justice
24,https://www.youtube.com/watch?v=10r9ozshGVE,Kung Fu Panda 3
25,https://www.youtube.com/watch?v=JnaopfyC-Qk,Everest
26,https://www.youtube.com/watch?v=SI2j1FHCjtM,King of cups
27,https://www.youtube.com/watch?v=ENSjt4naxlE,A little chaoes
28,https://www.youtube.com/watch?v=WCm1XNVD_0c,Far from madding
29,https://www.youtube.com/watch?v=1ekxPFTZm1Y,Broklyn
30,https://www.youtube.com/watch?v=-pBwIsVGaL4,Regression